市场,代码,名称,板块,细分行业,最新价,货币,总市值(亿),市盈率TTM,市净率,市销率,股息率%,52周位置,距52周高点%,250日涨跌幅%,60日涨跌幅%,营收同比%,净利同比%,最新季营收同比%,毛利率%,净利率%,ROE%,估值得分,成长得分,位置得分,质量得分,综合机会分,数据完整度,标签,最新报告期
港股,06831,绿茶集团,可选消费,中式餐饮,5.32,HKD,35.0,5.68,1.92,0.58,9.77,0.0192,-43.36,-28.74,-25.77,16.7823609671,24.4170125369,,68.330034619178,10.2121009866,38.56753089586,74.2,77.9,63.3,79.1,74.7,4,低位+低估+正增长,2026-06-30
港股,00590,六福集团,可选消费,黄金珠宝,21.76,HKD,127.8,6.24,0.85,,7.22,0.2125,-32.66,-5.29,10.07,28.9623083816,86.0039968578,,36.675293494855,11.7138776659,14.500206521471,85.7,91.9,34.9,47.3,72.3,4,低位+低估+正增长,2026-03-31
港股,00116,周生生,可选消费,黄金珠宝,14.11,HKD,94.8,3.19,0.58,0.38,7.09,0.6423,-15.06,31.41,31.78,16.6965202153,138.7220192185,,32.617526340004,7.6377536116,12.772069382134,91.5,86.0,12.1,31.8,66.0,4,低估+正增长,2026-06-30
港股,02150,奈雪的茶,可选消费,现制茶饮,0.635,HKD,10.7,-4.3,0.27,0.23,,0.0146,-61.52,-60.56,-14.19,-13.0937642356,16.7274528729,,66.049335257039,-5.6211144058,-6.313437027439,96.1,40.7,84.7,32.6,65.1,4,低位+亏损/无PE+负增长,2026-06-30
港股,06181,老铺黄金,可选消费,黄金珠宝,383.0,HKD,676.9,8.66,4.45,1.67,6.31,0.1762,-54.03,-45.45,-24.52,60.3366504404,88.1863011862,,37.628318367557,17.8291879804,64.838947088499,39.3,96.5,55.3,69.8,65.0,4,低位+低估+正增长,2026-06-30
港股,00520,呷哺呷哺,可选消费,火锅餐饮,0.27,HKD,2.9,-1.04,0.6,0.08,,0.0414,-75.0,-66.25,-22.86,-23.1332337649,57.1950189703,,64.9910457531,-7.8239926307,-48.570265002764,92.8,44.2,79.5,29.5,63.6,4,低位+亏损/无PE+负增长,2026-06-30
港股,01361,361度,可选消费,运动服饰,4.585,HKD,99.4,6.31,0.76,0.73,11.76,0.2634,-32.55,-17.01,-1.18,7.9748388646,7.9571873288,,41.52706810772,11.9982102722,13.456649248237,80.3,58.1,35.3,52.7,61.4,4,低位+低估+正增长,2026-06-30
港股,02555,茶百道,可选消费,现制茶饮,4.26,HKD,62.9,6.83,1.4,0.97,9.46,0.0,-51.98,-51.71,-18.19,6.209877778,3.1975771932,,32.508190814277,15.2241825312,20.416222091987,67.9,45.3,88.6,51.2,60.9,4,低位+低估+正增长,2026-06-30
港股,01405,达势股份,可选消费,咖啡及西式快餐,33.48,HKD,44.1,24.73,1.52,0.64,,0.0688,-63.52,-61.73,-9.61,20.8382850246,22.9370183848,,72.705459465516,2.6371378771,6.065944473435,46.7,79.1,73.0,46.5,60.3,4,低位+正增长,2026-06-30
港股,02589,沪上阿姨,可选消费,现制茶饮,81.4,HKD,85.6,12.19,3.45,1.4,5.16,0.1105,-51.68,-46.12,-44.97,42.397609847,58.3184654358,,31.445162220723,11.2260851962,32.247444590856,37.6,93.0,59.1,50.4,60.0,4,低位+低估+正增长,2026-06-30
港股,09992,泡泡玛特,可选消费,潮流玩具,157.3,HKD,2094.9,14.03,7.89,4.44,1.73,0.0962,-52.6,-50.36,-11.15,23.7574187772,10.1438275189,,72.10365976858,35.0539433512,77.519468320973,16.1,73.3,63.7,98.4,56.9,4,低位+正增长,2026-06-30
港股,09896,名创优品,可选消费,潮流零售,18.81,HKD,228.4,15.77,1.96,0.83,6.93,0.0,-62.06,-58.86,-27.37,22.4184381066,6.1279427834,,44.992523955729,5.6417821315,11.512946780596,44.8,66.3,91.4,38.0,56.9,4,低位+正增长,2026-06-30
港股,09922,九毛九,可选消费,中式餐饮,1.16,HKD,15.5,18.22,0.44,0.27,1.72,0.0063,-57.66,-57.66,-23.18,-13.1516766687,24.901550477,,64.484512018266,0.9792866148,1.826890947019,68.9,44.2,85.6,31.8,56.6,4,低位+负增长,2026-06-30
港股,00151,中国旺旺,必选消费,休闲食品,3.09,HKD,362.6,8.34,1.62,,3.5,0.0155,-46.93,-43.24,-23.99,3.7851982267,-11.4978093974,,46.30140612971,15.6870355787,20.386593315232,65.4,31.4,73.0,65.9,56.4,4,低位+低估+正增长,2026-03-31
港股,02331,李宁,可选消费,运动服饰,13.56,HKD,350.5,10.2,1.06,1.0,4.69,0.0,-40.3,-28.81,-22.9,2.8244158323,4.5333258126,,48.951391555839,9.9185811187,10.927519413864,63.4,40.7,74.7,50.4,55.7,4,低位+低估+正增长,2026-06-30
港股,01368,特步国际,可选消费,运动服饰,3.67,HKD,103.3,7.08,0.82,0.63,7.49,0.051,-45.55,-45.14,-18.26,-0.6248499117,-10.4732214789,,42.845065035998,9.6923373938,14.510070329733,81.5,24.4,64.2,50.4,55.6,4,低位+低估+负增长,2026-06-30
港股,02020,安踏体育,可选消费,运动服饰,77.95,HKD,2180.0,11.94,2.64,2.19,3.14,0.3009,-23.59,-22.14,4.85,12.8761934413,34.9310197696,,61.997781074309,19.5240529052,21.312671063673,32.8,75.6,34.9,77.5,54.9,4,低位+低估+正增长,2026-06-30
港股,01112,H&H国际控股,必选消费,保健食品,18.41,HKD,118.8,14.11,1.58,0.64,1.9,0.962,-1.72,45.39,63.3,23.8868799644,759.8349690919,,62.449358420981,1.3664892172,3.323214646814,54.6,95.3,2.3,33.3,54.7,4,正增长,2026-06-30
港股,01458,周黑鸭,必选消费,卤味及辣味零食,1.245,HKD,25.9,16.15,0.66,0.8,7.23,0.0492,-50.2,-48.34,-1.97,19.5299866428,-15.2343894756,,57.547070496627,6.1781000209,4.377196130048,58.8,48.8,68.4,38.0,53.1,4,低位+正增长,2026-06-30
港股,09985,卫龙美味,必选消费,卤味及辣味零食,7.745,HKD,188.2,11.36,2.18,2.16,5.08,0.1027,-44.34,-41.43,-0.39,6.6603310139,4.5764161638,,47.985557103995,19.7579819593,21.436575957305,39.6,48.8,56.7,72.1,51.4,4,低位+低估+正增长,2026-06-30
港股,06186,中国飞鹤,必选消费,乳制品,2.82,HKD,248.4,12.33,0.89,1.16,8.86,0.0129,-35.17,-34.42,-8.77,2.3150365689,-16.3001884802,,65.012255291004,11.5599126243,7.701563300309,58.8,25.6,72.1,58.9,50.9,4,低位+低估+正增长,2026-06-30
港股,00506,中国食品,必选消费,软饮料,3.815,HKD,106.7,10.28,1.31,0.41,4.64,0.4262,-20.47,16.36,15.65,3.9531812067,7.8285699452,,37.07622535802,6.4704871672,12.905339265818,74.3,47.7,20.5,35.7,50.5,4,低估+正增长,2026-06-30
港股,03998,波司登,可选消费,服装,4.31,HKD,505.3,11.17,2.43,,7.26,0.6171,-11.81,-1.76,3.61,5.5913946695,13.673218432,,57.224001626327,14.797323435,22.704910114487,47.3,54.7,19.5,71.3,50.1,4,低估+正增长,2026-03-31
港股,01717,澳优,必选消费,乳制品,1.21,HKD,21.5,-2.65,0.37,0.27,4.13,0.0405,-53.99,-50.81,-13.57,-18.6172023319,-490.7089895486,,38.637828716164,2.5251747573,3.021816951156,92.9,4.7,74.4,18.6,48.8,4,低位+亏损/无PE+负增长,2026-06-30
港股,00168,青岛啤酒股份,必选消费,啤酒,40.92,HKD,558.2,10.51,1.55,1.51,6.6,0.0,-23.09,-16.48,-10.13,-4.0813589465,0.3965946124,,41.844416247901,14.5269758031,15.368120592012,49.9,26.7,70.0,58.1,47.6,4,低位+低估+负增长,2026-06-30
港股,01876,百威亚太,必选消费,啤酒,6.045,HKD,800.6,18.6,1.03,1.73,7.32,0.0,-27.97,-24.26,-13.91,1.1160714286,15.6479217604,,50.086745315753,9.0215128383,4.783331703023,38.1,44.2,72.8,41.9,45.9,4,低位+正增长,2026-06-30
港股,01044,恒安国际,必选消费,个人护理及家居,22.02,HKD,254.4,9.27,1.01,0.98,7.08,0.0429,-23.28,-4.09,-8.55,-6.0704854037,-8.6570412574,,33.837263543349,10.9808894402,11.881413134549,66.7,22.1,48.4,40.3,45.3,4,低位+低估+负增长,2026-06-30
港股,00999,小菜园,可选消费,中式餐饮,7.6,HKD,88.5,12.54,3.2,1.37,6.44,0.3078,-33.02,-29.53,11.31,6.9623159224,-24.2046877983,,70.398838859806,13.3784813018,29.760444676209,37.5,33.7,39.1,80.6,45.2,4,低位+低估+正增长,2026-06-30
港股,00178,莎莎国际,可选消费,美妆零售,0.955,HKD,29.6,14.78,2.31,,4.76,1.0,0.0,74.86,25.16,14.158301978,160.4679562964,,38.210582759093,4.5746816958,16.432246182898,32.9,84.9,0.0,37.2,44.4,4,正增长,2026-03-31
港股,06862,海底捞,可选消费,火锅餐饮,11.8,HKD,657.7,14.33,5.85,1.26,6.12,0.1783,-31.72,-12.83,-6.12,7.8905897776,0.4746022945,,59.45392235645,9.3507271369,39.611485404294,28.6,48.8,38.1,69.8,44.3,4,低位+正增长,2026-06-30
港股,09633,农夫山泉,必选消费,软饮料,43.24,HKD,4863.0,25.01,11.36,7.36,2.61,0.2371,-21.3,-4.52,1.03,15.9857422085,16.5934189635,,60.525866217494,30.194853149,44.227718985025,1.7,70.9,31.2,88.4,44.2,4,低位+正增长,2026-06-30
港股,01929,周大福,可选消费,黄金珠宝,12.65,HKD,1248.1,13.86,4.03,,5.3,0.4397,-20.68,-8.99,15.09,5.2895511734,52.2153664103,,32.310293394803,9.6192308344,31.374523509202,29.9,65.1,24.7,46.5,43.0,4,正增长,2026-03-31
港股,00220,统一企业中国,必选消费,方便食品,7.485,HKD,323.3,13.07,2.17,0.87,7.34,0.3388,-17.62,-16.42,-5.79,1.3717073665,8.9874952398,,33.200181028696,6.4646970552,15.186957329632,49.1,44.2,29.3,34.9,41.8,4,低位+低估+正增长,2026-06-30
港股,02097,蜜雪集团,可选消费,现制茶饮,211.2,HKD,801.8,12.91,2.61,2.03,,0.0206,-56.75,-55.97,-20.8,2.292432797,-14.7265905253,,31.143581586883,17.6611758019,29.878291231095,31.9,26.7,77.7,54.3,41.7,4,低位+低估+正增长,2026-06-30
港股,00291,华润啤酒,必选消费,啤酒,19.44,HKD,630.7,18.91,1.54,1.41,5.91,0.0,-31.62,-29.05,-18.74,1.2446746304,-10.7099671791,,43.06963274977,8.3559299724,10.54195202802,35.4,26.7,76.5,41.1,40.1,4,低位+正增长,2026-06-30
港股,02319,蒙牛乳业,必选消费,乳制品,18.0,HKD,696.8,31.7,1.49,0.7,3.32,0.7642,-7.21,14.54,10.13,7.7651973337,15.9359166649,,39.891136651513,1.9745481254,3.765420045051,44.4,61.6,10.2,21.7,39.9,4,正增长,2026-06-30
港股,01364,古茗,可选消费,现制茶饮,26.2,HKD,612.8,17.67,8.59,3.57,4.5,0.6201,-13.79,18.44,15.88,31.9113832761,-3.3644360749,,33.004937208906,24.1253176647,78.810391018035,12.9,62.8,15.3,69.8,39.6,4,正增长,2026-06-30
港股,09658,特海国际,可选消费,火锅餐饮,10.42,HKD,67.8,86.75,2.18,0.95,,0.1689,-37.12,-34.67,0.1,12.104110321,-92.2721501129,,66.361425147635,4.3220676654,9.71271646248,30.8,36.0,52.1,47.3,38.9,4,低位+正增长,2026-06-30
港股,00322,康师傅,必选消费,方便食品,12.73,HKD,717.6,13.56,4.83,0.77,3.62,0.7259,-9.26,24.68,5.92,1.1284050701,7.1297987421,,34.820276647366,6.5460749733,30.817091507398,40.9,38.4,10.2,45.7,36.5,4,正增长,2026-06-30
港股,00345,维他奶国际,必选消费,软饮料,6.415,HKD,65.3,23.79,2.25,,2.73,0.2269,-29.94,-28.85,8.17,-3.3861022047,16.9375388837,,51.034695532452,4.6451212681,9.171305006499,22.6,46.5,42.8,38.8,36.0,4,低位+负增长,2026-03-31
港股,01179,华住集团-S,可选消费,酒店住宿,37.06,HKD,1139.7,19.97,7.03,3.67,4.45,0.6467,-13.62,37.93,5.22,10.9635394637,-1.8047579984,,39.388311534358,20.211799107,40.670909891518,9.3,48.8,9.8,72.9,33.9,4,正增长,2026-06-30
港股,02460,华润饮料,必选消费,软饮料,7.28,HKD,174.6,19.62,1.43,1.46,3.16,0.0739,-36.64,-36.64,-5.53,-12.0928955391,-26.42771439,,45.676161602078,9.1661772909,8.945535232916,36.0,11.6,58.6,41.9,33.2,4,低位+负增长,2026-06-30
港股,09869,海伦司,可选消费,连锁酒馆,1.67,HKD,21.1,-1172.4,2.42,3.77,10.69,0.7272,-17.33,39.05,30.47,-20.2847378454,-72.7404581669,,58.659502902549,6.29933823,3.406546219229,17.8,5.8,6.0,38.0,16.5,4,亏损/无PE+负增长,2026-06-30
美股,PDD,拼多多,中概消费,电商零售,85.69,USD,1219.7,9.1,1.86,1.98,,0.1911,-37.96,-28.72,0.34,14.45231243537709,-9.167853412712882,,,22.66,,78.1,64.1,81.3,96.2,78.0,4,低位+低估+正增长,2025-12-31(财年)
美股,LKNCY,瑞幸咖啡,可选消费,咖啡餐饮,36.16,USD,87.9,20.86,4.65,1.25,,0.5527,-15.97,-2.8,10.95,48.92073705638087,,,,,,61.6,100.0,42.6,,72.4,3,低估+正增长,2025-12-31(财年)
美股,LULU,露露乐蒙,可选消费,运动服饰,120.81,USD,131.0,8.97,2.71,1.18,,0.1392,-44.04,-40.25,-4.14,4.858971266492295,-12.974260118945274,,,14.22,,84.3,41.0,88.7,80.8,71.3,4,低位+低估+正增长,2026-02-01(财年)
美股,DECK,德克斯户外,可选消费,运动服饰,87.76,USD,119.5,11.78,5.19,2.18,,0.1853,-29.17,-26.64,-18.26,9.761770470706503,6.001505034204852,5.701486100081075,,18.71,,60.2,62.8,81.9,88.5,69.9,4,低位+低估+正增长,2026-03-31(财年)
美股,WING,Wingstop,可选消费,快餐,113.58,USD,30.9,26.58,-4.0,4.44,,0.0159,-66.46,-65.38,-21.15,11.352701391962698,60.29415822732416,,,25.01,,26.5,84.5,96.5,98.1,68.7,4,低位+正增长,2025-12-27(财年)
美股,JD,京东,中概消费,电商零售,28.74,USD,386.3,17.52,1.2,0.21,,0.3233,-20.54,-7.5,-2.28,17.913427984731477,62.12714519086975,,,-0.29,,88.4,90.9,57.1,9.6,68.7,4,低位+低估+正增长,2025-12-31(财年)
美股,CPB,金宝汤,可选消费,食品,23.39,USD,36.1,11.47,1.55,0.35,,0.2416,-31.27,-26.75,11.43,6.403071814030718,6.172839506172839,,,5.87,,91.1,60.8,76.8,34.6,68.6,4,低位+低估+正增长,2025-08-03(财年)
美股,STZ,星座品牌,可选消费,酒类,130.69,USD,223.2,12.23,2.7,2.44,,0.1528,-20.61,-17.2,-2.74,-10.478317513493392,2172.113022113022,-3.2723658051689863,,18.46,,67.9,37.0,79.4,86.5,64.1,4,低位+低估+负增长,2026-02-28(财年)
美股,MKC,味好美,可选消费,食品,55.33,USD,148.8,9.23,2.13,2.17,,0.3735,-22.78,-21.37,19.53,1.7341642250546574,0.1141407736207989,16.69780054233203,,11.54,,72.6,52.0,64.5,65.4,63.8,4,低估+正增长,2025-11-30(财年)
美股,YUMC,百胜中国,可选消费,快餐,45.02,USD,154.0,15.79,2.87,1.31,,0.2724,-22.31,0.67,4.84,4.370521100592763,1.9758507135016463,12.594187298170077,,7.87,,75.5,57.8,53.2,46.2,61.0,4,低位+低估+正增长,2025-12-31(财年)
美股,DLTR,美元树,可选消费,折扣零售,128.26,USD,240.7,14.92,7.03,1.24,,0.7694,-9.17,17.49,14.01,10.429217510026453,142.32533579749844,,,6.61,,67.2,86.2,20.6,36.5,59.8,4,低估+正增长,2026-01-31(财年)
美股,KDP,胡椒博士,可选消费,饮料,32.18,USD,437.9,30.69,1.49,2.64,,0.8515,-3.94,14.24,6.13,8.155820467721972,44.27480916030535,75.57050204179679,,12.52,,50.2,83.5,12.3,73.1,59.1,4,正增长,2025-12-31(财年)
美股,LOW,劳氏,可选消费,家居零售,208.05,USD,1167.3,17.57,-15.7,1.35,,0.0717,-27.61,-19.38,0.19,3.121638740827497,-4.3553255713669685,,,7.71,,73.2,39.0,84.2,44.2,58.8,4,低位+低估+正增长,2026-01-30(财年)
美股,DPZ,达美乐披萨,可选消费,披萨,350.0,USD,101.8,19.84,4.97,2.06,,0.3634,-25.1,-23.63,14.09,4.9629696992361065,3.001523529109677,,,12.18,,52.3,52.6,66.8,69.2,57.9,4,低估+正增长,2025-12-28(财年)
美股,YUM,百胜餐饮,可选消费,快餐,153.86,USD,419.9,18.95,-5.91,5.11,,0.5225,-8.5,4.69,3.65,8.809113789905949,4.912516823687752,12.209001551991722,,18.98,,37.9,67.9,37.1,92.3,57.7,4,低估+正增长,2025-12-31(财年)
美股,DG,达乐,可选消费,折扣零售,122.89,USD,271.1,15.92,2.92,0.63,,0.4469,-21.35,12.99,16.94,5.200544130611833,34.397419958000555,,,3.54,,79.3,67.0,37.1,21.2,57.7,4,低估+正增长,2026-01-30(财年)
美股,PG,宝洁,可选消费,个人护理及家居,143.78,USD,3339.5,20.81,6.18,3.84,,0.1968,-14.01,-8.44,2.56,3.260405296378909,0.4507324402153499,7.377629449838189,,18.44,,40.7,50.8,68.1,84.6,56.6,4,低位+低估+正增长,2026-06-30(财年)
美股,ULTA,Ulta美妆,可选消费,美妆零售,517.5,USD,221.3,18.29,8.37,1.79,,0.2607,-26.78,5.03,9.82,9.71316933043452,-3.9662214703301424,,,9.31,,55.3,59.4,51.9,55.8,56.1,4,低位+低估+正增长,2026-01-31(财年)
美股,BABA,阿里巴巴,中概消费,电商零售,118.9,USD,2955.4,27.24,1.91,1.99,,0.2548,-37.2,-11.93,-6.53,8.085214857975236,-16.236265268559315,,,10.12,,55.1,46.7,66.1,59.6,55.1,4,低位+正增长,2026-03-31(财年)
美股,BUD,百威英博,可选消费,酒类,80.13,USD,1579.8,16.94,1.69,2.66,,0.7876,-7.34,30.67,1.38,-0.7495649846071476,14.30690399137001,,,14.29,,65.6,43.1,16.5,82.7,54.9,4,低估+负增长,2025-12-31(财年)
美股,TJX,TJX,可选消费,服装零售,135.12,USD,1486.3,24.5,13.95,5.11,,0.0263,-19.77,-1.09,-14.43,6.037739688322403,12.952302631578949,,,18.89,,19.6,62.6,74.2,90.4,54.9,4,低位+正增长,2015-01-31(财年)
美股,MCD,麦当劳,可选消费,快餐,265.0,USD,1875.3,21.34,-183.31,6.98,,0.061,-22.3,-15.48,-3.03,3.7229938271604937,4.13474401070169,3.741049247406108,,31.85,,26.0,43.2,81.9,100.0,54.3,4,低位+正增长,2025-12-31(财年)
美股,AMZN,亚马逊,可选消费,电商零售,266.43,USD,28738.0,21.24,5.21,4.01,,0.7936,-6.19,16.34,6.56,12.377754683294697,31.09303267620848,19.620517346245126,,10.83,,39.6,84.0,19.4,61.5,54.3,4,低估+正增长,2025-12-31(财年)
美股,SHAK,Shake Shack,可选消费,快餐,69.89,USD,29.9,75.3,5.5,2.07,,0.3271,-34.07,-34.07,25.86,15.383743357858163,347.9768786127168,,,3.16,,32.1,94.5,71.0,19.2,54.1,4,低位+正增长,2025-12-31(财年)
美股,SJM,盛美家,可选消费,食品,132.34,USD,141.4,61.6,2.46,,,1.0,0.0,19.75,30.68,,88.73090672733181,,,,,41.8,91.1,6.5,,53.7,3,-,nan(财年)
美股,BURL,伯灵顿,可选消费,服装零售,272.95,USD,171.5,24.01,8.56,1.48,,0.2352,-26.66,-6.1,-16.96,8.764480612418279,21.148878462549565,,,5.27,,46.8,71.8,64.2,30.8,53.7,4,低位+正增长,2026-01-31(财年)
美股,NKE,耐克,可选消费,运动服饰,39.6,USD,587.5,18.9,3.95,1.27,,0.0294,-49.18,-48.82,-9.61,0.1921872638148092,-3.4482758620689653,0.0887390185464548,,6.7,,68.0,25.6,93.2,38.5,53.2,4,低位+低估+正增长,2026-05-31(财年)
美股,PZZA,棒约翰,可选消费,披萨,23.72,USD,7.8,28.33,-1.72,0.38,,0.0153,-57.11,-51.3,-25.55,14.07358344262241,-63.429796612605706,,,1.48,,61.0,48.9,96.8,11.5,52.8,4,低位+正增长,2021-12-26(财年)
美股,CLX,高乐氏,可选消费,个人护理及家居,102.53,USD,124.0,21.12,137.77,2.02,,0.3999,-19.37,-13.26,15.81,2.528042859534572,189.28571428571428,4.025423728813559,,13.23,,35.7,54.8,56.1,76.9,52.7,4,低估+正增长,2018-06-30(财年)
美股,KMB,金佰利,可选消费,个人护理及家居,109.55,USD,319.1,18.66,1.7,1.94,,0.4351,-16.35,-15.17,15.61,-2.1303183576316576,-20.589390962671903,0.624549603651213,,12.29,,69.5,18.7,55.5,71.2,52.5,4,低估+负增长,2025-12-31(财年)
美股,WMT,沃尔玛,可选消费,商超零售,103.09,USD,4572.6,37.35,0.87,0.64,,0.1833,-23.18,6.3,-11.81,4.725214211766779,12.641490018522331,5.938489983201993,,3.07,,65.8,55.6,61.0,17.3,52.3,4,低位+正增长,2026-01-31(财年)
美股,DRI,达登餐饮,可选消费,休闲餐饮,215.63,USD,244.8,20.29,11.09,1.85,,0.7939,-5.29,4.2,8.76,9.391638444276996,14.967606707317074,,,9.13,,44.4,72.7,24.2,53.8,51.7,4,低估+正增长,2026-05-31(财年)
美股,KHC,卡夫亨氏,可选消费,食品,25.7,USD,304.8,-8.97,0.85,,,0.6642,-8.12,-8.12,12.92,,-313.0466472303207,,,,,96.4,1.8,40.3,,50.4,3,亏损/无PE,nan(财年)
美股,FIVE,Five Below,可选消费,杂货零售,241.89,USD,132.5,30.5,3.29,2.78,,0.8323,-7.93,66.71,8.52,22.89729956737048,41.41381880123497,,,7.53,,40.6,90.1,7.4,40.4,50.4,4,正增长,2026-01-31(财年)
美股,BROS,荷兰兄弟,可选消费,咖啡餐饮,49.91,USD,87.2,94.38,10.93,5.32,,0.1169,-32.77,-30.52,-11.82,27.87976721584056,126.45073458505873,32.4756561242674,,4.87,,9.0,95.5,87.7,25.0,50.0,4,低位+正增长,2025-12-31(财年)
美股,EAT,布林克餐饮,可选消费,休闲餐饮,230.19,USD,96.1,19.74,21.67,1.66,,0.8434,-9.35,47.58,64.12,7.86003491697931,27.12085617332289,,,8.39,,44.1,69.8,7.4,48.1,47.1,4,低估+正增长,2026-06-24(财年)
美股,TAP,摩森康胜,可选消费,酒类,41.46,USD,73.3,-3.18,0.72,0.62,,0.19,-23.76,-17.88,7.35,-9.880007071972695,-290.6272273699216,-11.100165497675151,,-18.25,,95.4,3.9,77.1,3.8,46.9,4,低位+亏损/无PE+负增长,2020-12-31(财年)
美股,PEP,百事,可选消费,饮料,141.07,USD,1925.5,18.42,8.71,2.05,,0.2079,-15.82,-1.28,0.01,2.254665011866658,-13.969513468365005,,,8.77,,49.2,31.8,63.2,50.0,46.2,4,低位+低估+正增长,2025-12-27(财年)
美股,WEN,温迪,可选消费,快餐,8.27,USD,15.8,12.51,13.09,0.72,,0.473,-22.05,-22.05,20.73,-3.0982082286516044,-15.066089721491894,,,7.58,,61.3,20.7,58.4,42.3,44.9,4,低估+负增长,2025-12-28(财年)
美股,HD,家得宝,可选消费,家居零售,330.19,USD,3294.3,23.16,19.82,4.98,,0.2596,-22.02,-18.83,5.5,-7.170912355515655,-4.390112116709442,,,21.39,,21.7,23.3,71.0,94.2,44.1,4,低位+负增长,2010-01-31(财年)
美股,CMG,奇波雷,可选消费,快餐,38.03,USD,481.2,33.9,21.88,4.04,,0.6922,-10.33,-9.75,32.32,5.407070429499128,0.1076194014770779,9.308926409376792,,12.88,,14.9,56.7,39.7,75.0,43.2,4,正增长,2025-12-31(财年)
美股,HRL,荷美尔,可选消费,食品,21.57,USD,118.7,34.64,1.51,,,0.2703,-18.63,-15.21,-6.74,,-40.59944996385264,,,,,52.4,19.6,65.8,,42.6,3,低位,nan(财年)
美股,COST,开市客,可选消费,商超零售,945.47,USD,4193.0,47.44,12.51,1.52,,0.3908,-13.6,0.23,-1.7,8.167323631476146,9.936201981810775,,,2.94,,30.5,66.4,48.7,15.4,41.0,4,正增长,2025-08-31(财年)
美股,TGT,塔吉特,可选消费,商超零售,163.18,USD,741.3,16.88,4.15,1.02,,0.9222,-3.95,70.01,30.75,1.878533649461973,-9.43534588120264,,,5.1,,72.7,31.7,1.9,28.8,41.0,4,低估+正增长,2015-01-31(财年)
美股,ROST,罗斯百货,可选消费,服装零售,228.55,USD,733.1,27.57,10.87,3.22,,0.7587,-10.45,55.31,-1.75,7.673449738014453,2.5978485983364665,,,9.43,,26.2,57.3,15.8,57.7,40.3,4,正增长,2026-01-31(财年)
美股,DEO,帝亚吉欧,可选消费,酒类,92.99,USD,517.6,29.8,4.76,1.85,,0.5734,-14.57,-14.3,18.2,0.2617331755763508,-39.07825252040327,,,9.08,,46.0,20.0,48.1,51.9,39.7,4,正增长,2025-06-30(财年)
美股,LW,蓝威斯顿,可选消费,食品,54.98,USD,75.6,26.06,4.14,,,0.5874,-17.41,-4.43,31.09,,-18.81298992161254,,,,,46.7,28.6,40.3,,38.7,3,-,nan(财年)
美股,MNST,怪物饮料,可选消费,饮料,46.86,USD,918.0,43.14,9.8,11.07,,0.836,-6.22,50.17,5.26,10.698854045979898,,20.1686593960105,,,,11.8,85.3,7.7,,38.6,3,正增长,2025-12-31(财年)
美股,CHD,切迟杜威,可选消费,个人护理及家居,101.26,USD,240.2,32.25,5.52,3.87,,0.8309,-3.8,8.69,9.01,1.5735782941166838,25.884161968221424,1.5733917546305518,,11.88,,29.2,40.0,18.1,67.3,38.4,4,正增长,2025-12-31(财年)
美股,HSY,好时,可选消费,零食,179.05,USD,359.8,24.16,7.88,4.41,,0.2926,-23.28,0.58,-1.48,2.046855020352476,-60.2357513081663,,,10.84,,30.7,21.0,52.9,63.5,37.7,4,低位+正增长,2020-12-31(财年)
美股,CL,高露洁,可选消费,个人护理及家居,90.75,USD,723.4,35.5,306.54,4.68,,0.6527,-8.46,7.95,6.93,1.7045080618624548,-26.20283835237106,6.379585326953747,,13.8,,10.7,35.4,30.3,78.8,34.7,4,正增长,2017-12-31(财年)
美股,CROX,卡骆驰,可选消费,服装鞋帽,122.23,USD,58.6,9.88,4.23,1.45,,0.7204,-13.43,40.17,3.17,-1.4982784461062455,-108.54651915488422,2.618384110293177,,-2.01,,73.0,15.8,18.7,7.7,34.6,4,低估+负增长,2025-12-31(财年)
美股,CAVA,CAVA,可选消费,快餐,66.94,USD,78.2,118.02,9.29,6.63,,0.434,-31.27,-0.9,-6.15,22.40822734569317,-51.086948181002,,,5.4,,10.8,55.3,47.4,32.7,34.0,4,正增长,2025-12-28(财年)
美股,QSR,餐饮品牌国际,可选消费,快餐,78.26,USD,272.9,21.44,7.09,2.89,,0.8279,-4.18,23.57,7.56,12.229359980965976,-32.391955498502355,4.564315352697095,,1.67,,38.5,50.7,13.9,13.5,33.5,4,正增长,2025-12-31(财年)
美股,CAG,康尼格拉,可选消费,食品,16.09,USD,77.2,-4.03,1.21,5.15,,0.4718,-19.63,-15.89,27.9,-6.25,-266.27906976744185,,,-127.75,,50.2,6.4,55.5,1.9,28.2,4,亏损/无PE+负增长,2016-05-29(财年)
美股,GIS,通用磨坊,可选消费,食品,41.55,USD,222.1,-253.58,3.01,10.9,,0.5839,-14.63,-11.39,31.65,4.1074895269234695,-103.8166608574416,,,-4.3,,33.1,24.8,45.2,5.8,27.0,4,亏损/无PE+正增长,2024-05-26(财年)
美股,EL,雅诗兰黛,可选消费,美妆,103.39,USD,374.1,205.53,9.83,2.49,,0.6903,-13.56,12.71,26.01,5.046768113918749,-61.68067226890757,4.563380281690141,,4.55,,20.7,34.5,27.1,23.1,26.3,4,正增长,2026-06-30(财年)
美股,SBUX,星巴克,可选消费,咖啡餐饮,107.85,USD,1229.5,62.01,-16.02,3.31,,0.9767,-0.64,22.29,12.47,2.786915154162129,-50.639474593847225,,,4.99,,18.3,25.6,6.8,26.9,20.5,4,正增长,2025-09-28(财年)
美股,KO,可口可乐,可选消费,饮料,89.66,USD,3857.7,26.95,10.67,,,0.9115,-2.53,29.96,13.84,,,,,,,26.2,,7.4,,,2,数据不足,nan(财年)
美股,MDLZ,亿滋国际,可选消费,零食,62.36,USD,795.9,22.64,2.99,,,0.8049,-4.05,1.5,1.71,,,,,,,55.4,,24.5,,,2,数据不足,nan(财年)
美股,UL,联合利华,可选消费,个人护理及家居,65.07,USD,1401.8,13.04,7.59,,,0.5128,-12.76,2.96,17.65,,,,,,,59.2,,39.4,,,2,低估+数据不足,nan(财年)
美股,ONON,昂跑,可选消费,运动服饰,28.85,USD,96.4,19.51,4.08,,,0.0009,-43.02,-36.0,-23.11,,,,,,,60.5,,95.8,,,2,低位+低估+数据不足,nan(财年)
