市场,代码,名称,板块,细分行业,货币,最新价,今日最高,今日最低,今开,成交量,成交额,昨收,总股本,市盈率(动),市盈率(静),市盈率TTM,市净率,换手率%,涨跌幅%,涨跌额,总市值,流通市值,52周最高(前复权),52周最低(前复权)
港股,02555,茶百道,可选消费,现制茶饮,HKD,4.26,4.41,4.195,4.405,2358600.0,10095570.0,4.4,1477634250.0,6.83,7.82,6.83,1.4,0.16,-3.18,-0.14,6294721905.0,6294721905.0,8.757,4.205
港股,02097,蜜雪集团,可选消费,现制茶饮,HKD,211.2,215.0,209.6,212.8,177323.0,37484763.0,211.6,379618800.0,12.91,13.62,12.91,2.61,0.12,-0.19,-0.4,80175490560.0,31866501850.0,486.0,204.4
港股,01364,古茗,可选消费,现制茶饮,HKD,26.2,26.9,26.04,26.6,2212400.0,58425006.0,26.6,2338897460.0,17.67,19.71,17.67,8.59,0.09,-1.5,-0.4,61279113452.0,61279113452.0,30.39,19.36
港股,02150,奈雪的茶,可选消费,现制茶饮,HKD,0.635,0.64,0.625,0.64,110500.0,69715.0,0.64,1684321647.0,-4.3,-4.47,-4.3,0.27,0.01,-0.78,-0.005,1069544246.0,1069544246.0,1.65,0.62
港股,02589,沪上阿姨,可选消费,现制茶饮,HKD,81.4,82.55,81.0,82.55,58200.0,4740047.0,82.55,105203020.0,12.19,17.08,12.19,3.45,0.06,-1.39,-1.15,8563525828.0,7707173245.0,168.341,70.541
港股,01405,达势股份,可选消费,咖啡及西式快餐,HKD,33.48,34.78,32.96,33.2,313500.0,10484162.0,34.48,131619251.0,24.73,31.05,24.73,1.52,0.24,-2.9,-1.0,4406612523.0,4406612523.0,90.8,28.86
港股,06862,海底捞,可选消费,火锅餐饮,HKD,11.8,12.28,11.77,12.16,6919178.0,82330436.0,12.16,5574000000.0,14.33,16.24,14.33,5.85,0.12,-2.96,-0.36,65773200000.0,65773200000.0,17.296,10.62
港股,09658,特海国际,可选消费,火锅餐饮,HKD,10.42,10.61,10.34,10.34,69700.0,726510.0,10.64,650299000.0,86.75,26.46,86.75,2.18,0.01,-2.07,-0.22,6776115580.0,6776115580.0,16.57,9.17
港股,09922,九毛九,可选消费,中式餐饮,HKD,1.16,1.18,1.16,1.18,301000.0,350050.0,1.16,1337583700.0,18.22,26.66,18.22,0.44,0.02,0.0,0.0,1551597092.0,1551597092.0,2.74,1.15
港股,00520,呷哺呷哺,可选消费,火锅餐饮,HKD,0.27,0.28,0.27,0.275,85500.0,23482.0,0.275,1086174481.0,-1.04,-0.98,-1.04,0.6,0.01,-1.82,-0.005,293267110.0,293267110.0,1.08,0.235
港股,00999,小菜园,可选消费,中式餐饮,HKD,7.6,7.99,7.585,7.99,152800.0,1166252.0,7.695,1165026800.0,12.54,12.38,12.54,3.2,0.01,-1.23,-0.095,8854203680.0,8854203680.0,11.34,5.93
港股,06831,绿茶集团,可选消费,中式餐饮,HKD,5.32,5.51,5.2,5.41,3879200.0,21013494.0,5.25,658454800.0,5.68,7.2,5.68,1.92,0.59,1.33,0.07,3502979536.0,3502979536.0,9.41,5.25
港股,09869,海伦司,可选消费,连锁酒馆,HKD,1.67,1.68,1.59,1.615,1552500.0,2557845.0,1.58,1265002524.0,-1172.4,62.22,-1172.4,2.42,0.12,5.7,0.09,2112554215.0,2112554215.0,2.02,0.737
港股,01179,华住集团-S,可选消费,酒店住宿,HKD,37.06,37.72,37.0,37.72,242700.0,9017164.0,37.54,3075238190.0,19.97,22.43,19.97,7.03,0.21,-1.28,-0.48,113968327321.0,4249603121.0,42.901,26.369
港股,09633,农夫山泉,必选消费,软饮料,HKD,43.24,43.92,42.92,43.0,2731568.0,118005849.0,43.5,11246466400.0,25.01,30.65,25.01,11.36,0.05,-0.6,-0.26,486297207136.0,217698975136.0,54.97,39.62
港股,02319,蒙牛乳业,必选消费,乳制品,HKD,18.0,18.24,17.8,18.2,12000847.0,215422337.0,18.38,3871192513.0,31.7,45.09,31.7,1.49,0.31,-2.07,-0.38,69681465234.0,69681465234.0,19.42,13.482
港股,06186,中国飞鹤,必选消费,乳制品,HKD,2.82,2.9,2.81,2.9,15294000.0,43185175.0,2.9,8807664704.0,12.33,12.81,12.33,0.89,0.17,-2.76,-0.08,24837614465.0,24837614465.0,4.35,2.8
港股,01717,澳优,必选消费,乳制品,HKD,1.21,1.21,1.21,1.21,4000.0,4840.0,1.21,1778144841.0,-2.65,12.12,-2.65,0.37,0.0,0.0,0.0,2151555258.0,2151555258.0,2.63,1.15
港股,01112,H&H国际控股,必选消费,保健食品,HKD,18.41,18.63,17.97,18.61,1889500.0,34506177.0,18.61,645561354.0,14.11,60.59,14.11,1.58,0.29,-1.07,-0.2,11884784527.0,11884784527.0,18.61,10.18
港股,02460,华润饮料,必选消费,软饮料,HKD,7.28,7.335,7.21,7.295,531200.0,3855759.0,7.295,2398196600.0,19.62,17.72,19.62,1.43,0.02,-0.21,-0.015,17458871248.0,17458871248.0,11.451,6.92
港股,00151,中国旺旺,必选消费,休闲食品,HKD,3.09,3.18,3.06,3.18,3641614.0,11250343.0,3.15,11733723135.0,8.34,9.45,8.34,1.62,0.03,-1.9,-0.06,36257204487.0,36257204487.0,5.832,3.052
港股,00322,康师傅,必选消费,方便食品,HKD,12.73,12.86,12.67,12.85,4151129.0,52873216.0,12.85,5637386360.0,13.56,15.95,13.56,4.83,0.07,-0.93,-0.12,71763928363.0,71763928363.0,14.04,9.298
港股,00220,统一企业中国,必选消费,方便食品,HKD,7.485,7.55,7.37,7.55,2042193.0,15198612.0,7.5,4319334000.0,13.07,15.77,13.07,2.17,0.05,-0.2,-0.015,32330214990.0,32330214990.0,9.08,6.66
港股,00345,维他奶国际,必选消费,软饮料,HKD,6.415,6.45,6.38,6.45,144000.0,924490.0,6.425,1017555089.0,23.79,26.94,23.79,2.25,0.01,-0.16,-0.01,6527615896.0,6527615896.0,9.163,5.615
港股,01876,百威亚太,必选消费,啤酒,HKD,6.045,6.17,6.0,6.14,11173600.0,67454480.0,6.155,13243397000.0,18.6,23.29,18.6,1.03,0.08,-1.79,-0.11,80056334865.0,80056334865.0,8.378,6.035
港股,00291,华润啤酒,必选消费,啤酒,HKD,19.44,19.86,19.34,19.83,7091659.0,137985231.0,19.83,3244176905.0,18.91,18.71,18.91,1.54,0.22,-1.97,-0.39,63066799033.0,63066799033.0,28.402,19.42
港股,00168,青岛啤酒股份,必选消费,啤酒,HKD,40.92,41.42,40.62,40.98,2304000.0,94006280.0,41.48,1364195121.0,10.51,12.17,10.51,1.55,0.35,-1.35,-0.56,55822864351.0,26805430764.0,53.05,40.8
港股,00506,中国食品,必选消费,软饮料,HKD,3.815,3.91,3.68,3.68,6948000.0,26761068.0,3.76,2797223396.0,10.28,12.38,10.28,1.31,0.25,1.46,0.055,10671407256.0,10671407256.0,4.803,3.09
港股,01458,周黑鸭,必选消费,卤味及辣味零食,HKD,1.245,1.25,1.22,1.22,62000.0,76247.0,1.24,2081065000.0,16.15,16.54,16.15,0.66,0.0,0.4,0.005,2590925925.0,2590925925.0,2.5,1.18
港股,09985,卫龙美味,必选消费,卤味及辣味零食,HKD,7.745,8.13,7.695,8.13,1852200.0,14373903.0,8.035,2430337978.0,11.36,13.21,11.36,2.18,0.08,-3.61,-0.29,18822967640.0,18822967640.0,13.897,7.03
港股,01929,周大福,可选消费,黄金珠宝,HKD,12.65,13.47,12.62,13.24,13313250.0,171624787.0,13.6,9866331200.0,13.86,15.7,13.86,4.03,0.13,-6.99,-0.95,124809089680.0,124809089680.0,15.96,10.07
港股,00116,周生生,可选消费,黄金珠宝,HKD,14.11,14.9,14.03,14.9,2616000.0,37559805.0,15.2,671712000.0,3.19,6.11,3.19,0.58,0.39,-7.17,-1.09,9477856320.0,9477856320.0,16.6,9.61
港股,00590,六福集团,可选消费,黄金珠宝,HKD,21.76,23.82,21.7,23.82,1845000.0,40804790.0,23.86,587107850.0,6.24,7.07,6.24,0.85,0.31,-8.8,-2.1,12775466816.0,12775466816.0,32.46,19.0
港股,06181,老铺黄金,可选消费,黄金珠宝,HKD,383.0,409.0,374.6,390.0,1412748.0,552039872.0,409.6,176744500.0,8.66,13.91,8.66,4.45,0.98,-6.49,-26.6,67693143500.0,54976417480.0,835.85,287.6
港股,09992,泡泡玛特,可选消费,潮流玩具,HKD,157.3,158.5,155.7,156.6,3110322.0,489118224.0,158.7,1331779203.0,14.03,16.4,14.03,7.89,0.23,-0.88,-1.4,209488868632.0,209488868632.0,332.675,139.075
港股,09896,名创优品,可选消费,潮流零售,HKD,18.81,20.48,18.58,20.24,14416200.0,274793264.0,21.24,1214041449.0,15.77,18.95,15.77,1.96,1.19,-11.44,-2.43,22836119656.0,22836119656.0,49.663,18.84
港股,00178,莎莎国际,可选消费,美妆零售,HKD,0.955,0.96,0.9,0.92,4424200.0,4129154.0,0.917,3103189458.0,14.78,16.74,14.78,2.31,0.14,4.14,0.038,2963545932.0,2963545932.0,0.96,0.527
港股,02020,安踏体育,可选消费,运动服饰,HKD,77.95,78.15,76.4,77.0,2748544.0,212702717.0,77.4,2796653300.0,11.94,16.04,11.94,2.64,0.1,0.71,0.55,217999124735.0,217999124735.0,101.95,67.55
港股,02331,李宁,可选消费,运动服饰,HKD,13.56,13.65,13.36,13.65,13563540.0,183186951.0,13.65,2584813753.0,10.2,11.94,10.2,1.06,0.52,-0.66,-0.09,35050074491.0,35050074491.0,22.731,13.57
港股,01368,特步国际,可选消费,运动服饰,HKD,3.67,3.785,3.655,3.78,3516869.0,12951365.0,3.78,2815096985.0,7.08,7.53,7.08,0.82,0.12,-2.91,-0.11,10331405935.0,10331405935.0,6.74,3.505
港股,01361,361度,可选消费,运动服饰,HKD,4.585,4.645,4.57,4.615,1509000.0,6954620.0,4.565,2167682000.0,6.31,7.59,6.31,0.76,0.07,0.44,0.02,9938821970.0,9938821970.0,6.805,3.798
港股,03998,波司登,可选消费,服装,HKD,4.31,4.42,4.3,4.42,5330406.0,23139168.0,4.415,11723292872.0,11.17,12.65,11.17,2.43,0.05,-2.38,-0.105,50527392278.0,50527392278.0,4.887,3.38
港股,01044,恒安国际,必选消费,个人护理及家居,HKD,22.02,22.44,21.86,22.3,1106000.0,24327318.0,22.22,1155320917.0,9.27,10.04,9.27,1.01,0.1,-0.9,-0.2,25440166592.0,25440166592.0,28.727,21.74
美股,KO,可口可乐,可选消费,饮料,USD,89.66,90.035,89.07,89.21,9889569.0,886979744.0,89.06,4302549243.0,26.95,29.43,26.95,10.67,0.23,0.67,0.6,385766565127.0,385766565127.0,91.99,65.67
美股,PEP,百事,可选消费,饮料,USD,141.07,141.29,139.99,140.66,5467312.0,770085536.0,139.72,1364891558.0,18.42,23.37,18.42,8.71,0.4,0.97,1.35,192545252087.0,192545252087.0,167.588,134.108
美股,MNST,怪物饮料,可选消费,饮料,USD,46.86,47.15,46.375,47.15,5280147.0,246887342.0,46.7,1958980000.0,43.14,48.18,43.14,9.8,0.27,0.34,0.16,91797802800.0,91797802800.0,49.97,31.01
美股,KDP,胡椒博士,可选消费,饮料,USD,32.18,32.545,31.96,32.22,8222931.0,265294145.0,31.88,1360826038.0,30.69,21.06,30.69,1.49,0.6,0.94,0.3,43791381903.0,43791381903.0,33.5,24.61
美股,HSY,好时,可选消费,零食,USD,179.05,184.1,179.0,182.2,821461.0,148019718.0,181.32,200925657.0,24.16,40.73,24.16,7.88,0.56,-1.25,-2.27,35975738886.0,26197189204.0,233.376,156.584
美股,STZ,星座品牌,可选消费,酒类,USD,130.69,132.92,130.53,132.61,2004871.0,263254572.0,131.43,170778434.0,12.23,13.23,12.23,2.7,1.17,-0.56,-0.74,22319033539.0,22315645663.0,164.62,124.57
美股,TAP,摩森康胜,可选消费,酒类,USD,41.46,41.95,41.16,41.41,2005048.0,83070546.0,41.18,176681024.0,-3.18,-3.42,-3.18,0.72,1.15,0.68,0.28,7325195255.0,7218931865.0,54.38,38.43
美股,BUD,百威英博,可选消费,酒类,USD,80.13,80.21,78.98,79.63,3547545.0,282644176.0,79.1,1971565205.0,16.94,23.11,16.94,1.69,0.18,1.3,1.03,157981519877.0,157981519877.0,86.48,56.584
美股,DEO,帝亚吉欧,可选消费,酒类,USD,92.99,93.18,92.32,92.78,486789.0,45160540.0,92.09,556646192.0,29.8,29.8,29.8,4.76,0.09,0.98,0.9,51762529394.0,51762529394.0,108.851,71.67
美股,GIS,通用磨坊,可选消费,食品,USD,41.55,41.67,40.66,40.68,8926546.0,369672848.0,40.44,534629472.0,-253.58,-253.58,-253.58,3.01,1.67,2.74,1.11,22213854562.0,22213854562.0,48.67,31.56
美股,MDLZ,亿滋国际,可选消费,零食,USD,62.36,62.77,61.665,62.71,9165724.0,571233056.0,62.43,1276308057.0,22.64,32.47,22.64,2.99,0.72,-0.11,-0.07,79590570435.0,79590570435.0,64.99,51.51
美股,LW,蓝威斯顿,可选消费,食品,USD,54.98,55.597,54.63,55.06,1279994.0,70475297.0,54.8,137483158.0,26.06,26.06,26.06,4.14,0.93,0.33,0.18,7558824027.0,7558824027.0,66.57,38.48
美股,CAG,康尼格拉,可选消费,食品,USD,16.09,16.235,15.97,16.11,7808283.0,125500469.0,16.02,480067621.0,-4.03,-4.03,-4.03,1.21,1.63,0.44,0.07,7724288022.0,7724288022.0,20.02,12.58
美股,CPB,金宝汤,可选消费,食品,USD,23.39,23.59,23.23,23.32,3513740.0,82261370.0,23.28,298206243.0,11.47,11.64,11.47,1.55,0.0,0.47,0.11,3614793000.0,6975044000.0,49.63,23.39
美股,SJM,盛美家,可选消费,食品,USD,132.34,134.4,131.1,131.94,1449222.0,191808416.0,131.84,106823183.0,61.6,-101.92,61.6,2.46,1.36,0.38,0.5,14136980038.0,14136980038.0,132.34,89.53
美股,KHC,卡夫亨氏,可选消费,食品,USD,25.7,25.75,25.11,25.29,20656600.0,526213264.0,25.13,1185823758.0,-8.97,-5.21,-8.97,0.85,1.74,2.27,0.57,30475670581.0,30475670581.0,27.97,21.21
美股,HRL,荷美尔,可选消费,食品,USD,21.57,21.58,21.14,21.29,10648741.0,227871849.0,21.28,550350800.0,34.64,24.82,34.64,1.51,1.93,1.36,0.29,11871066756.0,11871066756.0,26.51,19.74
美股,MKC,味好美,可选消费,食品,USD,55.33,55.66,54.76,54.76,2002625.0,110718186.0,54.54,268851552.0,9.23,18.99,9.23,2.13,0.79,1.45,0.79,14875556372.0,14056871450.0,71.65,45.6
美股,PG,宝洁,可选消费,个人护理及家居,USD,143.78,144.4,143.01,143.25,5870682.0,842804240.0,143.14,2322672312.0,20.81,20.81,20.81,6.18,0.25,0.45,0.64,333953825019.0,333953825019.0,167.2,138.04
美股,CL,高露洁,可选消费,个人护理及家居,USD,90.75,91.66,90.495,91.4,3016073.0,273940400.0,90.96,797172829.0,35.5,33.93,35.5,306.54,0.38,-0.23,-0.21,72343434232.0,72343434232.0,99.14,74.98
美股,KMB,金佰利,可选消费,个人护理及家居,USD,109.55,111.39,109.52,110.95,2433647.0,267612726.0,109.98,332579038.0,18.66,18.05,18.66,1.7,0.0,-0.39,-0.43,31912281000.0,36434034000.0,148.35,109.55
美股,CHD,切迟杜威,可选消费,个人护理及家居,USD,101.26,102.69,101.08,102.52,1244497.0,126301711.0,102.37,237203907.0,32.25,32.6,32.25,5.52,0.52,-1.08,-1.11,24019267623.0,24019267623.0,105.26,81.6
美股,CLX,高乐氏,可选消费,个人护理及家居,USD,102.53,104.85,102.25,104.02,1866259.0,191932570.0,103.63,120931005.0,21.12,21.12,21.12,137.77,1.54,-1.06,-1.1,12399055943.0,12399055943.0,127.16,86.12
美股,UL,联合利华,可选消费,个人护理及家居,USD,65.07,65.295,64.8,64.83,4566119.0,296860256.0,64.42,2154327344.0,13.04,14.8,13.04,7.59,0.21,1.01,0.65,140182080274.0,140182080274.0,74.59,55.05
美股,EL,雅诗兰黛,可选消费,美妆,USD,103.39,107.43,102.59,106.99,3121968.0,323518416.0,106.21,361798567.0,205.53,205.53,205.53,9.83,1.26,-2.66,-2.82,37406353842.0,25567439546.0,119.61,67.23
美股,MCD,麦当劳,可选消费,快餐,USD,265.0,265.1,260.32,261.33,3891302.0,1027153920.0,260.06,707641531.0,21.34,21.9,21.34,-183.31,0.55,1.9,4.94,187525005715.0,187525005715.0,341.06,260.06
美股,SBUX,星巴克,可选消费,咖啡餐饮,USD,107.85,108.7,107.26,107.79,4832834.0,521993712.0,107.26,1140000000.0,62.01,66.23,62.01,-16.02,0.42,0.55,0.59,122949000000.0,122949000000.0,108.55,78.46
美股,YUM,百胜餐饮,可选消费,快餐,USD,153.86,154.57,151.445,151.64,1545389.0,237493752.0,150.75,272901085.0,18.95,26.93,18.95,-5.91,0.57,2.06,3.11,41988560938.0,41988560938.0,168.16,138.21
美股,CMG,奇波雷,可选消费,快餐,USD,38.03,38.26,37.53,37.6,12715267.0,483257152.0,37.22,1265418000.0,33.9,31.34,33.9,21.88,1.0,2.18,0.81,48123846540.0,48123846540.0,42.41,28.18
美股,DRI,达登餐饮,可选消费,休闲餐饮,USD,215.63,215.98,210.88,212.11,779457.0,167449151.0,211.13,113541756.0,20.29,20.29,20.29,11.09,0.69,2.13,4.5,24483008846.0,24483008846.0,227.68,169.21
美股,QSR,餐饮品牌国际,可选消费,快餐,USD,78.26,78.54,77.86,78.43,3259430.0,254959909.0,78.07,348758065.0,21.44,35.17,21.44,7.09,0.93,0.24,0.19,27293806167.0,27293806167.0,81.67,61.86
美股,WEN,温迪,可选消费,快餐,USD,8.27,8.3,7.85,7.85,8253771.0,67304800.0,7.815,190669930.0,12.51,9.55,12.51,13.09,4.33,5.82,0.455,1576840321.0,1576840321.0,10.61,6.17
美股,PZZA,棒约翰,可选消费,披萨,USD,23.72,23.82,23.235,23.34,946485.0,22337973.0,23.23,32921687.0,28.33,25.58,28.33,-1.72,2.87,2.11,0.49,780902416.0,780902416.0,55.31,23.23
美股,DPZ,达美乐披萨,可选消费,披萨,USD,350.0,353.0,336.5,337.0,1037474.0,361221847.0,332.06,33081735.0,19.84,19.92,19.84,4.97,0.0,5.4,17.94,10178399000.0,11578607000.0,533.64,350.0
美股,EAT,布林克餐饮,可选消费,休闲餐饮,USD,230.19,237.65,228.89,234.4,617808.0,142785760.0,233.22,41765010.0,19.74,19.74,19.74,21.67,1.48,-1.3,-3.03,9613887652.0,9613887652.0,253.94,102.29
美股,YUMC,百胜中国,可选消费,快餐,USD,45.02,45.507,44.77,45.29,1139275.0,51358378.0,44.91,342056900.0,15.79,16.58,15.79,2.87,0.33,0.24,0.11,15399401638.0,15399401638.0,57.95,40.18
美股,LKNCY,瑞幸咖啡,可选消费,咖啡餐饮,USD,36.16,36.16,34.52,35.29,434801.0,15373393.0,35.25,286288675.0,20.86,22.6,20.86,4.65,0.0,2.58,0.91,8790147000.0,10352198000.0,43.03,27.67
美股,CAVA,CAVA,可选消费,快餐,USD,66.94,68.495,66.3,67.0,1496842.0,100213754.0,66.95,116806198.0,118.02,122.66,118.02,9.29,1.28,-0.01,-0.01,7819006894.0,7819006894.0,97.39,43.59
美股,WING,Wingstop,可选消费,快餐,USD,113.58,113.73,109.615,110.19,787354.0,88544547.0,109.95,27242546.0,26.58,17.76,26.58,-4.0,2.89,3.3,3.63,3094208375.0,3094208375.0,338.62,109.95
美股,SHAK,Shake Shack,可选消费,快餐,USD,69.89,71.725,69.08,70.62,941349.0,65826170.0,70.55,42798938.0,75.3,65.42,75.3,5.5,2.33,-0.94,-0.66,2991217777.0,2824125534.0,106.0,52.34
美股,BROS,荷兰兄弟,可选消费,咖啡餐饮,USD,49.91,51.72,49.84,51.25,2612886.0,131432375.0,50.71,174681716.0,94.38,109.2,94.38,10.93,1.89,-1.58,-0.8,8718364446.0,6884625228.0,74.24,46.69
美股,WMT,沃尔玛,可选消费,商超零售,USD,103.09,103.4,102.5,103.09,19420840.0,2000327418.0,102.63,7958079155.0,37.35,37.76,37.35,0.87,0.0,0.45,0.46,457256250000.0,820398380000.0,115.11,81.79
美股,COST,开市客,可选消费,商超零售,USD,945.47,953.73,937.11,938.935,1401469.0,1325607040.0,934.66,443478804.0,47.44,51.77,47.44,12.51,0.32,1.16,10.81,419295904818.0,419295904818.0,1094.32,850.0
美股,TGT,塔吉特,可选消费,商超零售,USD,163.18,166.06,162.65,166.0,3644518.0,595321424.0,165.93,454296736.0,16.88,20.01,16.88,4.15,0.8,-1.66,-2.75,74132141380.0,74132141380.0,169.89,83.68
美股,DG,达乐,可选消费,折扣零售,USD,122.89,125.88,121.34,125.25,3310507.0,406775680.0,125.89,220616790.0,15.92,17.93,15.92,2.92,1.5,-2.38,-3.0,27111597323.0,27111597323.0,156.24,95.94
美股,DLTR,美元树,可选消费,折扣零售,USD,128.26,129.55,123.8,127.45,2502283.0,320264336.0,127.0,187630299.0,14.92,18.76,14.92,7.03,1.33,0.99,1.26,24065462150.0,24065462150.0,141.21,85.04
美股,ROST,罗斯百货,可选消费,服装零售,USD,228.55,232.67,228.15,231.81,2431608.0,556388960.0,229.87,320781076.0,27.57,34.18,27.57,10.87,0.76,-0.57,-1.32,73314514920.0,73314514920.0,255.23,144.67
美股,TJX,TJX,可选消费,服装零售,USD,135.12,135.561,133.55,134.75,6801149.0,916392832.0,134.22,1099974061.0,24.5,27.05,24.5,13.95,0.62,0.67,0.9,148628495122.0,148628495122.0,168.41,134.22
美股,BURL,伯灵顿,可选消费,服装零售,USD,272.95,292.5,272.715,291.3,2893457.0,798332912.0,290.0,62815195.0,24.01,28.1,24.01,8.56,4.61,-5.88,-17.05,17145407475.0,17145407475.0,372.19,242.43
美股,ULTA,Ulta美妆,可选消费,美妆零售,USD,517.5,542.54,503.05,542.0,1608767.0,831637168.0,540.1,42757471.0,18.29,19.18,18.29,8.37,3.76,-4.18,-22.6,22126991243.0,22126991243.0,706.82,450.75
美股,FIVE,Five Below,可选消费,杂货零售,USD,241.89,249.15,241.02,248.26,1022800.0,248416748.0,246.98,55295351.0,30.5,37.39,30.5,3.29,0.0,-2.06,-5.09,13249790999.999998,13375392000.0,,
美股,HD,家得宝,可选消费,家居零售,USD,330.19,331.61,327.5,330.5,3136575.0,1033868416.0,328.61,997689626.0,23.16,23.27,23.16,19.82,0.31,0.48,1.58,329427137609.0,329427137609.0,423.42,297.51
美股,LOW,劳氏,可选消费,家居零售,USD,208.05,208.702,205.7,207.99,2791791.0,579478384.0,206.74,561054019.0,17.57,17.54,17.57,-15.7,0.5,0.63,1.31,116727288653.0,116727288653.0,287.39,201.92
美股,NKE,耐克,可选消费,运动服饰,USD,39.6,39.76,38.56,38.71,28437375.0,1115872704.0,38.44,1483498703.0,18.9,18.9,18.9,3.95,2.37,3.02,1.16,58746548639.0,47603593660.0,77.92,38.44
美股,LULU,露露乐蒙,可选消费,运动服饰,USD,120.81,121.2,116.35,116.64,3921777.0,467642272.0,115.0,108437957.0,8.97,8.3,8.97,2.71,3.62,5.05,5.81,13100389585.0,13100389585.0,215.88,105.43
美股,DECK,德克斯户外,可选消费,运动服饰,USD,87.76,88.67,86.52,87.17,2594579.0,227404862.0,86.33,136181857.0,11.78,11.67,11.78,5.19,1.91,1.66,1.43,11951319770.0,11951319770.0,123.91,79.54
美股,ONON,昂跑,可选消费,运动服饰,USD,28.85,29.5,28.85,29.21,4991095.0,144778230.0,28.95,334214703.0,19.51,47.33,19.51,4.08,1.65,-0.35,-0.1,9642094182.0,8704493185.0,50.63,28.83
美股,CROX,卡骆驰,可选消费,服装鞋帽,USD,122.23,124.28,121.88,122.98,845215.0,103919679.0,121.69,47945075.0,9.88,-72.17,9.88,4.23,1.76,0.44,0.54,5860326517.0,5860326517.0,141.19,73.39
美股,AMZN,亚马逊,可选消费,电商零售,USD,266.43,267.56,257.78,258.32,49547427.0,13113317888.0,256.26,10786313572.0,21.24,37.0,21.24,5.21,0.46,3.97,10.17,2873797524988.0,2873797524988.0,284.02,198.79
美股,BABA,阿里巴巴,中概消费,电商零售,USD,118.9,119.76,116.85,117.06,9678259.0,1147407344.0,116.31,2485623615.0,27.24,2.85,27.24,1.91,0.39,2.23,2.59,295540647794.0,295540647794.0,189.34,94.81
美股,JD,京东,中概消费,电商零售,USD,28.74,28.75,28.46,28.49,4788480.0,137107977.0,28.49,1344000000.0,17.52,1.97,17.52,1.2,0.4,0.88,0.25,38626560000.0,34002781402.0,36.17,25.19
美股,PDD,拼多多,中概消费,电商零售,USD,85.69,86.45,84.69,85.21,6273990.0,536721280.0,84.69,1423396462.0,9.1,1.25,9.1,1.86,0.44,1.18,1.0,121970842829.0,121970842829.0,138.13,73.3
